crop_id,crop_type,land_size,input_allocation,output
115,Barley,465,21505,1000
115,Barley,647,24189,1000
115,Barley,494,30850,1565
115,Barley,356,37472,1524
115,Barley,304,38191,1334
115,Barley,400,37500,1161
115,Barley,450,37778,1500
115,Barley,500,38000,1700
115,Barley,600,33333,1900
115,Barley,700,35714,2000
115,Barley,800,41250,2500
115,Barley,900,38889,3300
115,Barley,1000,38000,3500
115,Barley,1014,39448,3800
115,Barley,4530,47461,4000
115,Barley,5000,40000,21500
115,Barley,5000,40000,20000
115,Barley,3688,51646,20000
115,Barley,5046,45811,19047
115,Barley,4781,49513,23116
115,Barley,5982,55167,23672
115,Barley,7484,51494,33001
115,Barley,2496,51498,38538
115,Barley,1947,46199,12854
115,Barley,4641,54299,8995
115,Barley,5000,57600,25200
115,Barley,4144,53125,28800
115,Barley,5374,51048,22015
115,Barley,5665,50523,27433
115,Barley,4850,54586,28621
115,Barley,5600,57143,26474
115,Barley,1136,44014,32000
115,Barley,6400,51563,5000
115,Barley,5650,58407,33000
115,Barley,2355,53079,33000
115,Barley,5300,56604,12500
115,Barley,10700,42617,30000
115,Barley,9879,57935,45600
115,Barley,3079,54144,57234
115,Barley,5128,62793,16671
115,Barley,4554,54897,32200
115,Barley,3000,55000,25000
115,Barley,12000,50000,16500
115,Barley,7400,48649,60000
115,Barley,8000,53750,36000
115,Barley,10000,54000,43000
115,Barley,9000,53333,54000
115,Barley,9276,53901,48000
115,Barley,8910,54161,50000
115,Barley,9085,54443,48258.38
115,Barley,9069,54601,49459.36
115,Barley,9247,54759,49519.38
115,Barley,9425,54917,50637.98
115,Barley,9814,54660,51756.59
115,Barley,10031,54756,53644.56
115,Barley,10063,54633,54926.96
115,Barley,10235,54607,54976.62
115,Barley,10387,54602,55890.64
115,Barley,10572,54715,56712.63
115,Barley,10235,54709,57842.61
115,Barley,10348,54767,55994.92
115,Barley,10450,54825,56675.24
1701,"Beans, dry",30000,6000,57291.71
1701,"Beans, dry",31000,6677,18000
1701,"Beans, dry",30000,6333,20700
1701,"Beans, dry",30000,5667,19000
1701,"Beans, dry",35000,4286,17000
1701,"Beans, dry",40000,5625,15000
1701,"Beans, dry",40000,5750,22500
1701,"Beans, dry",40000,6000,23000
1701,"Beans, dry",40000,6000,24000
1701,"Beans, dry",38000,6053,24000
1701,"Beans, dry",40000,6000,23000
1701,"Beans, dry",40000,6000,24000
1701,"Beans, dry",41000,6098,24000
1701,"Beans, dry",43000,6047,25000
1701,"Beans, dry",43000,6047,26000
1701,"Beans, dry",44000,6136,26000
1701,"Beans, dry",44000,6136,27000
1701,"Beans, dry",40000,5000,27000
1701,"Beans, dry",40000,5750,20000
1701,"Beans, dry",40000,5750,23000
1701,"Beans, dry",33664,5624,23000
1701,"Beans, dry",61225,7959,18933
1701,"Beans, dry",62000,7258,48730
1701,"Beans, dry",62000,7258,45000
1701,"Beans, dry",63000,7460,45000
1701,"Beans, dry",64000,7500,47000
1701,"Beans, dry",65000,6923,48000
1701,"Beans, dry",66000,6970,45000
1701,"Beans, dry",66500,6992,46000
1701,"Beans, dry",67000,7015,46500
1701,"Beans, dry",67500,7037,47000
1701,"Beans, dry",60000,6667,47500
1701,"Beans, dry",61000,7377,40000
1701,"Beans, dry",71947,6394,45000
1701,"Beans, dry",58000,6897,46000
1701,"Beans, dry",15602,3098,40000
1701,"Beans, dry",16390,4807,4834
1701,"Beans, dry",20025,2852,7878
1701,"Beans, dry",14483,6552,5712
1701,"Beans, dry",15088,4933,9489
1701,"Beans, dry",15229,4769,7443
1701,"Beans, dry",15207,4642,7262
1701,"Beans, dry",15573,6909,7059
1701,"Beans, dry",68583,8278,10760
1701,"Beans, dry",47450,4527,56776
1701,"Beans, dry",66007,4595,21482
1701,"Beans, dry",74115,6216,30332
1701,"Beans, dry",65282,5000,46067
1701,"Beans, dry",62753,4784,32641.07
1701,"Beans, dry",79189,3946,30018.46
1701,"Beans, dry",53786,2980,31247.5
1701,"Beans, dry",52123,4016,16028.09
1701,"Beans, dry",66155,4396,20934.64
1701,"Beans, dry",32220,4563,29082.55
1701,"Beans, dry",35461,4145,14702.08
1701,"Beans, dry",26702,3574,14699.68
1701,"Beans, dry",26258,5812,9542
1701,"Beans, dry",27842,7941,15262
1701,"Beans, dry",23518,2721,22108
1701,"Beans, dry",23583,6728,6399.04
1701,"Beans, dry",33932,6544,15867
1701,"Beans, dry",33786,5262,22204
1212,Cabbages,10,100000,17778.11
1212,Cabbages,10,103148,100
1212,Cabbages,15,105013,103.15
1212,Cabbages,22,113636,160.02
1212,Cabbages,19,107082,250
1212,Cabbages,19,107339,202.85
1212,Cabbages,19,107325,200
1212,Cabbages,21,107214,201.55
1212,Cabbages,20,106913,220
1212,Cabbages,23,104348,210
1212,Cabbages,21,107458,240
1212,Cabbages,24,104167,230
1212,Cabbages,25,108291,250
1212,Cabbages,27,103704,265.87
1212,Cabbages,26,111415,280
1212,Cabbages,26,114257,289.26
1212,Cabbages,24,120833,299.27
1212,Cabbages,28,118984,290
1212,Cabbages,29,120472,333.16
1212,Cabbages,31,121807,355.08
1212,Cabbages,32,123072,375.87
1212,Cabbages,33,124301,396.05
1212,Cabbages,35,128571,415.7
1212,Cabbages,35,128571,450
1212,Cabbages,35,129556,450
1212,Cabbages,36,131113,452.78
1212,Cabbages,37,124066,472.79
1212,Cabbages,37,126445,458.52
1212,Cabbages,39,127725,474.01
1212,Cabbages,38,126103,491.82
1212,Cabbages,38,126765,474.79
1212,Cabbages,38,126870,480.21
1212,Cabbages,38,126581,482.27
1251,Carrots and turnips,10,99816,479.09
1251,Carrots and turnips,10,99833,100.79
1251,Carrots and turnips,10,99850,102.47
1251,Carrots and turnips,10,99867,104.16
1251,Carrots and turnips,11,99884,104.16
1251,Carrots and turnips,11,99933,107.43
1251,Carrots and turnips,12,99967,110
1251,Carrots and turnips,11,100000,120
1251,Carrots and turnips,12,99984,110
1251,Carrots and turnips,11,99989,120
1251,Carrots and turnips,12,99995,110
1251,Carrots and turnips,12,100001,115
1251,Carrots and turnips,12,100000,119.11
1251,Carrots and turnips,13,100014,120
1251,Carrots and turnips,13,100037,125.08
1251,Carrots and turnips,13,100076,128.05
1251,Carrots and turnips,13,100097,131.03
1251,Carrots and turnips,14,100119,130
1251,Carrots and turnips,14,100140,138.9
1251,Carrots and turnips,15,100162,145.04
1251,Carrots and turnips,16,100183,151.17
1251,Carrots and turnips,17,100204,157.31
1251,Carrots and turnips,17,100226,170
1251,Carrots and turnips,17,100208,170
1251,Carrots and turnips,17,100215,172.29
1251,Carrots and turnips,17,100216,175.19
1251,Carrots and turnips,18,100213,172.49
1251,Carrots and turnips,18,100212,176.41
1251,Carrots and turnips,18,100214,180.86
1251,Carrots and turnips,18,100213,176.59
1251,Carrots and turnips,18,100213,177.96
1251,Carrots and turnips,18,100213,178.47
1610,"Coffee, green",53,9811,177.67
1610,"Coffee, green",65,9538,52
1610,"Coffee, green",165,12848,62
1610,"Coffee, green",225,9422,212
1610,"Coffee, green",660,9318,212
1610,"Coffee, green",934,7976,615
1610,"Coffee, green",1488,8434,745
1610,"Coffee, green",1749,8879,1255
1610,"Coffee, green",2639,9780,1553
1610,"Coffee, green",2979,11464,2581
1610,"Coffee, green",3506,13232,3415
1610,"Coffee, green",3617,11916,4639
1610,"Coffee, green",3911,12726,4310
1610,"Coffee, green",3572,12886,4977
1610,"Coffee, green",4098,12838,4603
1610,"Coffee, green",4608,11884,5261
1610,"Coffee, green",5042,12045,5476
1610,"Coffee, green",7008,11749,6073
1610,"Coffee, green",7296,14693,8234
1610,"Coffee, green",6973,16283,10720
1610,"Coffee, green",8000,16858,11354
1610,"Coffee, green",6654,17432,13486
1610,"Coffee, green",6539,19310,11599
1610,"Coffee, green",6333,23055,12627
1610,"Coffee, green",5843,23223,14601
1610,"Coffee, green",6200,19502,13569
1610,"Coffee, green",4800,10406,12091
1610,"Coffee, green",3800,10526,4995
1610,"Coffee, green",5500,17127,4000
1610,"Coffee, green",5000,15720,9420
1610,"Coffee, green",6500,17692,7860
1610,"Coffee, green",5808,16012,11500
1610,"Coffee, green",6800,14706,9300
1610,"Coffee, green",7056,14173,10000
1610,"Coffee, green",6500,14000,10000
1610,"Coffee, green",5500,13669,9100
1610,"Coffee, green",5800,13879,7518
1610,"Coffee, green",7000,14286,8050
1610,"Coffee, green",4500,12889,10000
1610,"Coffee, green",3600,11000,5800
1610,"Coffee, green",3750,7200,3960
1610,"Coffee, green",3800,4895,2700
1610,"Coffee, green",2894,4976,1860
1610,"Coffee, green",3300,3818,1440
1610,"Coffee, green",1527,3928,1260
1610,"Coffee, green",1467,3681,600
1610,"Coffee, green",1611,3352,540
1610,"Coffee, green",2673,2929,540
1610,"Coffee, green",3400,2500,782.89
1610,"Coffee, green",2000,2500,850
1610,"Coffee, green",2800,2500,500
1610,"Coffee, green",2733,2500,700
1610,"Coffee, green",2511,2500,683.33
1610,"Coffee, green",2681,2500,627.78
1610,"Coffee, green",2642,2500,670.37
1610,"Coffee, green",2612,2500,660.49
1610,"Coffee, green",2645,2500,652.88
1706,"Cow peas, dry",1505,3920,590
1706,"Cow peas, dry",939,3142,295
1706,"Cow peas, dry",1084,2675,290
1706,"Cow peas, dry",781,1972,154
1706,"Cow peas, dry",1036,2104,218
1232,Cucumbers and gherkins,30,133333,400
1232,Cucumbers and gherkins,45,133333,600
1232,Cucumbers and gherkins,47,116487,550
1232,Cucumbers and gherkins,40,100000,400
1232,Cucumbers and gherkins,45,96798,434.65
1232,Cucumbers and gherkins,48,89054,423.23
1232,Cucumbers and gherkins,52,81422,425.17
1232,Cucumbers and gherkins,57,73684,419.85
1232,Cucumbers and gherkins,64,64905,413.36
1232,Cucumbers and gherkins,62,65945,410
1232,Cucumbers and gherkins,66,60316,400
1232,Cucumbers and gherkins,83,49201,410
1232,Cucumbers and gherkins,89,44828,400
1232,Cucumbers and gherkins,90,40379,363.08
1232,Cucumbers and gherkins,95,36053,341.4
1232,Cucumbers and gherkins,101,31837,320.81
1232,Cucumbers and gherkins,108,27700,298.88
1232,Cucumbers and gherkins,110,20909,230
1232,Cucumbers and gherkins,115,21304,245
1232,Cucumbers and gherkins,120,20833,250
1232,Cucumbers and gherkins,125,21200,265
1232,Cucumbers and gherkins,127,19565,247.57
1232,Cucumbers and gherkins,125,19200,240
1232,Cucumbers and gherkins,125,19200,240
1232,Cucumbers and gherkins,125,19200,240
1232,Cucumbers and gherkins,125,19200,240
1232,Cucumbers and gherkins,125,19200,240
1232,Cucumbers and gherkins,125,19200,240
1232,Cucumbers and gherkins,125,19200,240
1232,Cucumbers and gherkins,125,19200,240
1232,Cucumbers and gherkins,122,19073,232.35
1232,Cucumbers and gherkins,124,17813,220.23
1232,Cucumbers and gherkins,125,18024,225.76
1290,Green corn (maize),1250,20000,2500
1290,Green corn (maize),1268,19835,2514.8
1290,Green corn (maize),1275,19897,2536.14
1290,Green corn (maize),1281,19959,2557.54
1290,Green corn (maize),1288,20018,2579.03
1290,Green corn (maize),1296,20074,2600.6
1290,Green corn (maize),1303,20126,2622.18
1290,Green corn (maize),1310,20175,2642.89
1290,Green corn (maize),1312,20218,2652.93
1290,Green corn (maize),1325,20241,2681.09
1290,Green corn (maize),1350,20000,2700
1290,Green corn (maize),1368,20306,2778.51
1290,Green corn (maize),1399,20383,2851.44
1290,Green corn (maize),1428,20484,2925.07
1290,Green corn (maize),1500,20000,3000
1290,Green corn (maize),1410,20994,2959.7
1290,Green corn (maize),1350,21419,2891.62
1290,Green corn (maize),1400,22143,3100
1290,Green corn (maize),1476,22196,3276.37
1290,Green corn (maize),1537,22428,3447.53
1290,Green corn (maize),1600,22631,3620.31
1290,Green corn (maize),1662,22819,3792.04
1290,Green corn (maize),1700,23529,4000
1290,Green corn (maize),1700,23529,4000
1290,Green corn (maize),1710,23564,4030.2
1290,Green corn (maize),1797,23788,4273.77
1290,Green corn (maize),1736,23630,4101.32
1290,Green corn (maize),1755,23735,4165.7
1290,Green corn (maize),1753,23876,4184.27
1290,Green corn (maize),1816,24126,4381.75
1290,Green corn (maize),1839,23081,4243.91
1290,Green corn (maize),1802,23690,4269.98
1290,Green corn (maize),1819,23630,4298.55
142,"Groundnuts, excluding shelled",117804,6668,78553
142,"Groundnuts, excluding shelled",172558,8635,149003
142,"Groundnuts, excluding shelled",154508,8011,123779
142,"Groundnuts, excluding shelled",167857,6072,101928
142,"Groundnuts, excluding shelled",171371,3546,60762
142,"Groundnuts, excluding shelled",170000,6489,110310
142,"Groundnuts, excluding shelled",180000,7034,126620
142,"Groundnuts, excluding shelled",180000,4605,82884
142,"Groundnuts, excluding shelled",180000,5889,106000
142,"Groundnuts, excluding shelled",190000,6316,120000
142,"Groundnuts, excluding shelled",180000,8805,158492
142,"Groundnuts, excluding shelled",200000,8542,170841
142,"Groundnuts, excluding shelled",205000,4508,92404
142,"Groundnuts, excluding shelled",250000,8219,205463
142,"Groundnuts, excluding shelled",211000,6035,127347
142,"Groundnuts, excluding shelled",208000,9251,192430
142,"Groundnuts, excluding shelled",190000,7416,140909
142,"Groundnuts, excluding shelled",150000,7573,113599
142,"Groundnuts, excluding shelled",150000,7169,107535
142,"Groundnuts, excluding shelled",160000,4855,77675
142,"Groundnuts, excluding shelled",240000,4950,118797
142,"Groundnuts, excluding shelled",230000,4842,111377
142,"Groundnuts, excluding shelled",180000,1758,31652
142,"Groundnuts, excluding shelled",151000,1650,24914
142,"Groundnuts, excluding shelled",124938,5678,70938
142,"Groundnuts, excluding shelled",130000,4670,60710
142,"Groundnuts, excluding shelled",190000,3987,75747
142,"Groundnuts, excluding shelled",211000,6266,132211
142,"Groundnuts, excluding shelled",180000,5493,98865
142,"Groundnuts, excluding shelled",195000,6107,119094
142,"Groundnuts, excluding shelled",200000,5352,107040
142,"Groundnuts, excluding shelled",150000,2269,34032
142,"Groundnuts, excluding shelled",113700,5875,66795
142,"Groundnuts, excluding shelled",130015,7003,91050
142,"Groundnuts, excluding shelled",150446,3036,45675
142,"Groundnuts, excluding shelled",128341,5264,67562
142,"Groundnuts, excluding shelled",167591,7377,123633
142,"Groundnuts, excluding shelled",178555,2585,46148
142,"Groundnuts, excluding shelled",132117,6073,80240
142,"Groundnuts, excluding shelled",175773,7061,124117
142,"Groundnuts, excluding shelled",275036,6136,168749
142,"Groundnuts, excluding shelled",258610,2180,56378
142,"Groundnuts, excluding shelled",105052,8233,86494
142,"Groundnuts, excluding shelled",133339,4812,64157
142,"Groundnuts, excluding shelled",200592,2879,57754
142,"Groundnuts, excluding shelled",176196,4720,83170
142,"Groundnuts, excluding shelled",260518,4866,126768
142,"Groundnuts, excluding shelled",180000,4444,80000
142,"Groundnuts, excluding shelled",170000,4622,78570
142,"Groundnuts, excluding shelled",319608,4278,136719
142,"Groundnuts, excluding shelled",329803,2956,97504
142,"Groundnuts, excluding shelled",214266,3369,72193.78
142,"Groundnuts, excluding shelled",164319,4129,67854.9
142,"Groundnuts, excluding shelled",137350,4126,56666
142,"Groundnuts, excluding shelled",152290,3421,52095.6
142,"Groundnuts, excluding shelled",185850,2540,47209
142,"Groundnuts, excluding shelled",199078,4943,98398
142,"Groundnuts, excluding shelled",205296,5015,102958
142,"Groundnuts, excluding shelled",160365,3385,54288.5
142,"Groundnuts, excluding shelled",153346,5020,76974
142,"Groundnuts, excluding shelled",179284,4881,87507
142,"Groundnuts, excluding shelled",193059,4223,81537.08
112,Maize (corn),850000,11929,1014000
112,Maize (corn),800000,11175,894000
112,Maize (corn),750000,9600,720000
112,Maize (corn),750000,9547,716000
112,Maize (corn),750000,10960,822000
112,Maize (corn),791574,11370,900000
112,Maize (corn),855315,17743,1517590
112,Maize (corn),736962,13236,975436
112,Maize (corn),890934,17639,1571520
112,Maize (corn),902810,12022,1085327
112,Maize (corn),976017,19011,1855499
112,Maize (corn),1002677,23110,2317167
112,Maize (corn),790335,12088,955358
112,Maize (corn),1036058,20311,2104356
112,Maize (corn),1003170,17575,1763075
112,Maize (corn),1017301,18065,1837752
112,Maize (corn),864354,18665,1613285
112,Maize (corn),973144,16732,1628234
112,Maize (corn),799430,14284,1141916
112,Maize (corn),1127733,13396,1510739
112,Maize (corn),1363448,20781,2833395
112,Maize (corn),1416440,12767,1808376
112,Maize (corn),1333880,6821,909786
112,Maize (corn),1360586,8326,1132803
112,Maize (corn),1307000,21637,2828000
112,Maize (corn),1314000,19373,2545600
112,Maize (corn),1232842,9173,1130840
112,Maize (corn),1295901,18066,2341209
112,Maize (corn),1181905,17079,2018538
112,Maize (corn),1145870,17206,1971542
112,Maize (corn),1101200,14400,1585760
112,Maize (corn),881000,4108,361900
112,Maize (corn),1248347,16526,2063003
112,Maize (corn),1738450,12133,2109283
112,Maize (corn),1487606,5949,884962
112,Maize (corn),1459611,14150,2065347
112,Maize (corn),1406074,11043,1552703
112,Maize (corn),1181207,10125,1195929
112,Maize (corn),1477990,10870,1606588
112,Maize (corn),1373117,11795,1619651
112,Maize (corn),1239988,12309,1526328
112,Maize (corn),1327854,4554,604758
112,Maize (corn),1352368,7829,1058786
112,Maize (corn),1818038,12965,2357152
112,Maize (corn),2027268,6195,1255822.07
112,Maize (corn),2043941,9772,1997403
112,Maize (corn),1744615,8651,1509210
112,Maize (corn),1730000,2867,496000
112,Maize (corn),1508000,4642,700000
112,Maize (corn),1362563,8751,1192399
112,Maize (corn),1538577,6568,1010473
112,Maize (corn),1385161,7912,1095953.67
112,Maize (corn),1260893,7449,939282.26
112,Maize (corn),1048268,9301,974955.97
112,Maize (corn),1107688,5803,642792.81
112,Maize (corn),1161997,4405,511816
112,Maize (corn),1099945,13933,1532572
112,Maize (corn),1155075,13506,1560100
112,Maize (corn),991354,7807,773976
112,Maize (corn),1018884,11801,1202347
112,Maize (corn),957793,15344,1469664
112,Maize (corn),1000000,15000,1500000
118,Millet,400000,4631,185246
118,Millet,450000,5830,262356
118,Millet,420000,5952,250000
118,Millet,420000,5952,250000
118,Millet,390000,6487,253000
118,Millet,370000,5405,200000
118,Millet,360000,4722,170000
118,Millet,380000,5263,200000
118,Millet,370000,4595,170000
118,Millet,390000,5641,220000
118,Millet,380000,4737,180000
118,Millet,370000,4324,160000
118,Millet,380000,5263,200000
118,Millet,350000,4571,160000
118,Millet,360000,5000,180000
118,Millet,370000,5135,190000
118,Millet,380000,5263,200000
118,Millet,390000,5128,200000
118,Millet,400000,3500,140000
118,Millet,380000,4737,180000
118,Millet,278665,4942,137710
118,Millet,266479,3678,97999
118,Millet,250000,4000,100000
118,Millet,250000,4800,120000
118,Millet,250000,8960,224000
118,Millet,295000,4780,141000
118,Millet,310000,2613,81000
118,Millet,374000,7433,278000
118,Millet,295600,4794,141712
118,Millet,233260,6118,142710
118,Millet,282735,4323,122240
118,Millet,200550,1346,27000
118,Millet,255350,3727,95170
118,Millet,299800,2595,77800
118,Millet,258110,820,21155
118,Millet,282210,2474,69813
118,Millet,222315,2142,47616
118,Millet,169304,1242,21029
118,Millet,183444,2284,41896
118,Millet,152390,2034,30993
118,Millet,156189,2765,43194
118,Millet,132356,1070,14163
118,Millet,170167,2442,41562
118,Millet,228435,3140,71740
118,Millet,181659,1691,30714.22
118,Millet,249458,2899,72312
118,Millet,204884,2437,49936
118,Millet,193000,1917,37000
118,Millet,191873,2085,40000
118,Millet,238282,2145,51122.58
118,Millet,213046,1668,35542.5
118,Millet,208460,1750,36478.14
118,Millet,199719,1857,37081.69
118,Millet,172146,3167,54514.57
118,Millet,142054,1244,17672.02
118,Millet,164355,1671,27461
118,Millet,138365,4492,62157.42
118,Millet,115557,3372,38964
118,Millet,139405,2094,29185
118,Millet,144498,3004,43411
118,Millet,96829,4667,45193
118,Millet,116859,3241,37875.19
117,Oats,393,18830,740
117,Oats,512,14844,760
117,Oats,500,15000,750
117,Oats,500,16000,800
117,Oats,400,15000,600
117,Oats,250,12000,300
117,Oats,350,14286,500
117,Oats,280,14286,400
117,Oats,200,12500,250
117,Oats,157,16752,263
117,Oats,300,22633,679
117,Oats,196,19949,391
117,Oats,318,21698,690
117,Oats,223,16547,369
117,Oats,250,20000,500
117,Oats,252,19548,492.98
117,Oats,210,19048,400
117,Oats,252,19168,483.15
117,Oats,257,18958,486.5
117,Oats,250,16000,400
117,Oats,265,19126,506.66
117,Oats,268,19485,522.5
117,Oats,277,19840,550
117,Oats,300,21667,650
117,Oats,320,21250,680
117,Oats,305,20490,625.74
117,Oats,340,20611,700
117,Oats,313,20733,648.02
117,Oats,350,22857,800
117,Oats,334,20949,700
117,Oats,312,20845,650
117,Oats,307,20738,637.69
117,Oats,307,20633,634.05
117,Oats,275,20000,550
117,Oats,275,20000,550
117,Oats,290,20614,596.87
117,Oats,285,20617,587.56
117,Oats,284,20764,590.19
117,Oats,292,20855,608.81
117,Oats,290,20857,604.08
117,Oats,285,20821,592.64
117,Oats,281,20708,581.73
117,Oats,279,20713,577.63
117,Oats,277,20717,574.59
1253.02,"Onions and shallots, dry (excluding dehydrated)",146,56301,822
1253.02,"Onions and shallots, dry (excluding dehydrated)",134,113731,1524
1253.02,"Onions and shallots, dry (excluding dehydrated)",129,107984,1393
1253.02,"Onions and shallots, dry (excluding dehydrated)",113,109912,1242
1253.02,"Onions and shallots, dry (excluding dehydrated)",138,141377,1951
1253.02,"Onions and shallots, dry (excluding dehydrated)",140,142857,2000
1253.02,"Onions and shallots, dry (excluding dehydrated)",140,142857,2000
1253.02,"Onions and shallots, dry (excluding dehydrated)",140,142857,2000
1253.02,"Onions and shallots, dry (excluding dehydrated)",140,150000,2100
1253.02,"Onions and shallots, dry (excluding dehydrated)",140,150000,2100
1253.02,"Onions and shallots, dry (excluding dehydrated)",140,150000,2100
1253.02,"Onions and shallots, dry (excluding dehydrated)",140,157143,2200
1253.02,"Onions and shallots, dry (excluding dehydrated)",150,146667,2200
1253.02,"Onions and shallots, dry (excluding dehydrated)",150,153333,2300
1253.02,"Onions and shallots, dry (excluding dehydrated)",150,153333,2300
1253.02,"Onions and shallots, dry (excluding dehydrated)",160,150000,2400
1253.02,"Onions and shallots, dry (excluding dehydrated)",160,150000,2400
1253.02,"Onions and shallots, dry (excluding dehydrated)",160,162500,2600
1253.02,"Onions and shallots, dry (excluding dehydrated)",165,163636,2700
1253.02,"Onions and shallots, dry (excluding dehydrated)",165,169697,2800
1253.02,"Onions and shallots, dry (excluding dehydrated)",170,170588,2900
1253.02,"Onions and shallots, dry (excluding dehydrated)",170,170588,2900
1253.02,"Onions and shallots, dry (excluding dehydrated)",180,166667,3000
1253.02,"Onions and shallots, dry (excluding dehydrated)",190,163158,3100
1253.02,"Onions and shallots, dry (excluding dehydrated)",200,160000,3200
1253.02,"Onions and shallots, dry (excluding dehydrated)",200,165000,3300
1253.02,"Onions and shallots, dry (excluding dehydrated)",200,170000,3400
1253.02,"Onions and shallots, dry (excluding dehydrated)",210,166667,3500
1253.02,"Onions and shallots, dry (excluding dehydrated)",210,171429,3600
1253.02,"Onions and shallots, dry (excluding dehydrated)",215,172093,3700
1253.02,"Onions and shallots, dry (excluding dehydrated)",220,172727,3800
1253.02,"Onions and shallots, dry (excluding dehydrated)",180,138889,2500
1253.02,"Onions and shallots, dry (excluding dehydrated)",200,150000,3000
1253.02,"Onions and shallots, dry (excluding dehydrated)",202,153471,3100
1253.02,"Onions and shallots, dry (excluding dehydrated)",198,151801,3000
1253.02,"Onions and shallots, dry (excluding dehydrated)",204,151618,3100
1253.02,"Onions and shallots, dry (excluding dehydrated)",170,147059,2500
1253.02,"Onions and shallots, dry (excluding dehydrated)",160,143750,2300
1253.02,"Onions and shallots, dry (excluding dehydrated)",170,147059,2500
1253.02,"Onions and shallots, dry (excluding dehydrated)",160,150000,2400
1253.02,"Onions and shallots, dry (excluding dehydrated)",169,152346,2572.3
1253.02,"Onions and shallots, dry (excluding dehydrated)",170,152827,2603.88
1253.02,"Onions and shallots, dry (excluding dehydrated)",163,153490,2500
1253.02,"Onions and shallots, dry (excluding dehydrated)",174,154286,2687.92
1253.02,"Onions and shallots, dry (excluding dehydrated)",165,157576,2600
1253.02,"Onions and shallots, dry (excluding dehydrated)",183,154853,2831.48
1253.02,"Onions and shallots, dry (excluding dehydrated)",189,154131,2908.32
1253.02,"Onions and shallots, dry (excluding dehydrated)",200,150000,3000
1253.02,"Onions and shallots, dry (excluding dehydrated)",193,154212,2981.87
1253.02,"Onions and shallots, dry (excluding dehydrated)",180,152778,2750
1253.02,"Onions and shallots, dry (excluding dehydrated)",205,159327,3270.09
1253.02,"Onions and shallots, dry (excluding dehydrated)",235,170213,4000
1253.02,"Onions and shallots, dry (excluding dehydrated)",235,170213,4000
1253.02,"Onions and shallots, dry (excluding dehydrated)",220,162557,3568.67
1253.02,"Onions and shallots, dry (excluding dehydrated)",217,162619,3531.3
1253.02,"Onions and shallots, dry (excluding dehydrated)",215,171844,3699.99
1253.02,"Onions and shallots, dry (excluding dehydrated)",222,166382,3700.49
1253.02,"Onions and shallots, dry (excluding dehydrated)",224,165625,3716.97
1253.02,"Onions and shallots, dry (excluding dehydrated)",226,167014,3768.21
1253.02,"Onions and shallots, dry (excluding dehydrated)",228,163608,3728.55
1253.02,"Onions and shallots, dry (excluding dehydrated)",226,165409,3737.91
1253.02,"Onions and shallots, dry (excluding dehydrated)",226,165338,3744.89
1242,"Peas, green",766,21420,1639.88
1242,"Peas, green",757,20721,1568.29
1242,"Peas, green",748,20023,1496.82
1242,"Peas, green",738,19325,1425.55
1242,"Peas, green",727,18627,1354.5
1242,"Peas, green",716,17928,1283.7
1242,"Peas, green",704,17230,1213.1
1242,"Peas, green",691,16532,1142.59
1242,"Peas, green",677,15834,1071.97
1242,"Peas, green",661,15136,1000.94
1242,"Peas, green",644,14437,929.08
1242,"Peas, green",623,13739,855.94
1242,"Peas, green",599,13041,781.16
1242,"Peas, green",571,12343,704.71
1242,"Peas, green",539,11635,627.21
1242,"Peas, green",503,10926,549.95
1242,"Peas, green",465,10218,474.67
1242,"Peas, green",424,9510,403.01
1242,"Peas, green",382,8802,336.02
1242,"Peas, green",263,10420,274.04
1242,"Peas, green",215,10089,216.92
1242,"Peas, green",86,11512,99
1242,"Peas, green",160,7655,122.21
1242,"Peas, green",101,6119,61.88
1242,"Peas, green",141,3262,46
1242,"Peas, green",145,5907,85.78
1242,"Peas, green",263,6804,179.27
1242,"Peas, green",401,7648,306.35
1242,"Peas, green",470,9434,443.4
1242,"Peas, green",625,9219,576.33
1242,"Peas, green",184,5760,106.25
1242,"Peas, green",185,5785,106.97
1651,"Pepper (Piper spp.), raw",290,6897,200
1651,"Pepper (Piper spp.), raw",290,6897,200
1651,"Pepper (Piper spp.), raw",430,6977,300
1651,"Pepper (Piper spp.), raw",430,6977,300
1651,"Pepper (Piper spp.), raw",570,7018,400
1651,"Pepper (Piper spp.), raw",570,7018,400
1651,"Pepper (Piper spp.), raw",700,7143,500
1651,"Pepper (Piper spp.), raw",700,7143,500
1651,"Pepper (Piper spp.), raw",700,8571,600
1651,"Pepper (Piper spp.), raw",810,8642,700
1651,"Pepper (Piper spp.), raw",810,8642,700
1651,"Pepper (Piper spp.), raw",930,8602,800
1651,"Pepper (Piper spp.), raw",1050,8571,900
1651,"Pepper (Piper spp.), raw",1557,8286,1290.01
1651,"Pepper (Piper spp.), raw",1700,8824,1500
1651,"Pepper (Piper spp.), raw",2250,8889,2000
1651,"Pepper (Piper spp.), raw",2000,6000,1200
1651,"Pepper (Piper spp.), raw",2600,8846,2300
1651,"Pepper (Piper spp.), raw",2700,8889,2400
1651,"Pepper (Piper spp.), raw",2100,8095,1700
1651,"Pepper (Piper spp.), raw",2043,8143,1663.88
1651,"Pepper (Piper spp.), raw",2000,7500,1500
1651,"Pepper (Piper spp.), raw",2079,8091,1682.28
1651,"Pepper (Piper spp.), raw",2300,7500,1725
1651,"Pepper (Piper spp.), raw",2147,8203,1761.51
1651,"Pepper (Piper spp.), raw",2400,7500,1800
1651,"Pepper (Piper spp.), raw",2110,8540,1801.56
1651,"Pepper (Piper spp.), raw",2093,8839,1850
1651,"Pepper (Piper spp.), raw",2400,9628,2310.64
1651,"Pepper (Piper spp.), raw",2147,10105,2169.33
1651,"Pepper (Piper spp.), raw",1891,10573,1999.49
1651,"Pepper (Piper spp.), raw",1758,11035,1939.48
1651,"Pepper (Piper spp.), raw",1628,11470,1867.52
1651,"Pepper (Piper spp.), raw",1300,12692,1650
1651,"Pepper (Piper spp.), raw",1300,12692,1650
1651,"Pepper (Piper spp.), raw",1373,12802,1757.31
1651,"Pepper (Piper spp.), raw",1478,13184,1949.09
1651,"Pepper (Piper spp.), raw",1448,12327,1785.46
1651,"Pepper (Piper spp.), raw",1463,12787,1870.87
1651,"Pepper (Piper spp.), raw",1464,13151,1925.28
1651,"Pepper (Piper spp.), raw",1413,13684,1933.17
1651,"Pepper (Piper spp.), raw",1447,13244,1915.79
1651,"Pepper (Piper spp.), raw",1441,13342,1922.67
1651,"Pepper (Piper spp.), raw",1433,13461,1929.55
1510,Potatoes,2023,97805,19786
1510,Potatoes,2319,93213,21616
1510,Potatoes,2412,95033,22922
1510,Potatoes,1663,133812,22253
1510,Potatoes,1663,133842,22258
1510,Potatoes,1825,109512,19986
1510,Potatoes,1600,130625,20900
1510,Potatoes,1600,125000,20000
1510,Potatoes,1450,151724,22000
1510,Potatoes,1450,151724,22000
1510,Potatoes,1500,153333,23000
1510,Potatoes,1600,150000,24000
1510,Potatoes,1700,147059,25000
1510,Potatoes,1700,147059,25000
1510,Potatoes,1350,151815,20495
1510,Potatoes,1600,150488,24078
1510,Potatoes,1500,146333,21950
1510,Potatoes,1400,151150,21161
1510,Potatoes,1500,146667,22000
1510,Potatoes,1377,148446,20441
1510,Potatoes,1395,146115,20383
1510,Potatoes,1653,151204,24994
1510,Potatoes,1600,156250,25000
1510,Potatoes,1650,157576,26000
1510,Potatoes,1700,158824,27000
1510,Potatoes,1750,160000,28000
1510,Potatoes,1800,161111,29000
1510,Potatoes,1850,159459,29500
1510,Potatoes,1900,157895,30000
1510,Potatoes,1950,158974,31000
1510,Potatoes,1918,157621,30229.28
1510,Potatoes,1600,156250,25000
1510,Potatoes,1900,157895,30000
1510,Potatoes,1950,158974,31000
1510,Potatoes,1900,157895,30000
1510,Potatoes,1980,156593,31000
1510,Potatoes,1936,154938,30000
1510,Potatoes,1900,152632,29000
1510,Potatoes,1834,150843,27664.15
1510,Potatoes,1834,147514,27058.97
1510,Potatoes,1837,143879,26431.21
1510,Potatoes,1842,139961,25778.75
1510,Potatoes,1849,135738,25099.65
1510,Potatoes,1922,126919,24392.23
1510,Potatoes,1947,121570,23672.38
1510,Potatoes,1976,115953,22907.25
1510,Potatoes,2007,110161,22112.62
1510,Potatoes,2042,104232,21288.41
1510,Potatoes,2081,98178,20435.55
1510,Potatoes,2125,92025,19557.11
1510,Potatoes,2174,85809,18656.99
1510,Potatoes,2169,78479,17022
1510,Potatoes,2288,73323,16773.14
1510,Potatoes,2388,66317,15835.68
1510,Potatoes,2420,58884,14250
1510,Potatoes,2365,66041,15619.61
1510,Potatoes,2246,70743,15888.43
1510,Potatoes,2162,71275,15410.28
1510,Potatoes,2531,70782,17913.4
1510,Potatoes,2245,64695,14523.12
1510,Potatoes,2129,57590,12261
1510,Potatoes,2473,50523,12493.96
113,Rice,1000,10000,1000
113,Rice,1000,10000,1000
113,Rice,2000,12700,2540
113,Rice,2000,13000,2600
113,Rice,2000,13000,2600
113,Rice,2000,13000,2600
113,Rice,2150,13953,3000
113,Rice,2300,15217,3500
113,Rice,2500,16000,4000
113,Rice,2650,17834,4726
113,Rice,2600,11538,3000
113,Rice,2000,9500,1900
113,Rice,1200,6667,800
113,Rice,1000,6000,600
113,Rice,836,5012,419
113,Rice,554,4639,257
113,Rice,458,4716,216
113,Rice,577,5771,333
113,Rice,600,5833,350
113,Rice,600,5833,350
113,Rice,626,5974,374
113,Rice,372,2608,97
113,Rice,372,3280,122
113,Rice,500,14380,719
113,Rice,100,14300,143
113,Rice,100,29100,291
113,Rice,207,28744,595
113,Rice,200,26000,520
113,Rice,203,26847,545
113,Rice,200,23400,468
113,Rice,200,22500,450
113,Rice,180,22222,400
113,Rice,200,25000,500
113,Rice,203,22549,458.47
113,Rice,184,21768,400
113,Rice,205,20946,429.65
113,Rice,217,20076,435.21
113,Rice,200,20000,400
113,Rice,255,18173,463.39
113,Rice,282,17151,483.1
113,Rice,312,16099,502.9
113,Rice,348,15019,522.92
113,Rice,460,13920,640.34
113,Rice,545,12815,698.64
113,Rice,631,11698,738.1
113,Rice,743,10591,786.95
113,Rice,881,9504,837.04
113,Rice,1050,8446,887.05
113,Rice,1265,7422,938.96
113,Rice,1543,6438,993.39
113,Rice,1911,5497,1050.62
113,Rice,2833,3791,1074
113,Rice,2960,3999,1183.48
113,Rice,3755,3426,1286.49
113,Rice,4626,3065,1418
113,Rice,3780,3428,1295.99
113,Rice,3543,3745,1326.9
113,Rice,3387,4025,1363.32
113,Rice,2529,4484,1134
113,Rice,1227,6114,750
113,Rice,3466,8390,2908
113,Rice,2144,8973,1923.32
114,Sorghum,125000,5152,64400
114,Sorghum,100000,6500,65000
114,Sorghum,80000,6875,55000
114,Sorghum,80000,6875,55000
114,Sorghum,75000,6933,52000
114,Sorghum,125000,8000,100000
114,Sorghum,245649,7939,195011
114,Sorghum,93453,4076,38095
114,Sorghum,412908,3583,147949
114,Sorghum,215577,3350,72214
114,Sorghum,252279,5747,144983
114,Sorghum,254317,5507,140050
114,Sorghum,152545,3319,50636
114,Sorghum,288554,5685,164048
114,Sorghum,215016,5142,110551
114,Sorghum,242131,5628,136267
114,Sorghum,96463,5308,51199
114,Sorghum,127656,5732,73177
114,Sorghum,83474,5856,48883
114,Sorghum,126776,6492,82299
114,Sorghum,209290,5979,125131
114,Sorghum,208232,3235,67355
114,Sorghum,287672,1791,51536
114,Sorghum,165903,3346,55511
114,Sorghum,230049,5781,133000
114,Sorghum,172000,7628,131200
114,Sorghum,180904,3079,55698
114,Sorghum,216158,8124,175614
114,Sorghum,159002,4980,79189
114,Sorghum,135557,6836,92673
114,Sorghum,113790,5983,68080
114,Sorghum,74100,3914,29000
114,Sorghum,149005,6464,96321
114,Sorghum,160632,3276,52621
114,Sorghum,113806,3369,38336
114,Sorghum,205909,4381,90215
114,Sorghum,179727,3585,64427
114,Sorghum,126039,3106,39154
114,Sorghum,143912,3998,57535
114,Sorghum,116248,3983,46307
114,Sorghum,110138,5117,56358
114,Sorghum,81513,2652,21614
114,Sorghum,128530,5544,71257
114,Sorghum,255827,6193,158444
114,Sorghum,178421,2726,48639
114,Sorghum,288973,4091,118229
114,Sorghum,289859,3332,96571
114,Sorghum,291000,2577,75000
114,Sorghum,215619,3246,70000
114,Sorghum,272679,2702,73675
114,Sorghum,222988,2267,50549
114,Sorghum,216796,2046,44346.37
114,Sorghum,226843,3066,69540
114,Sorghum,226127,4589,103767.69
114,Sorghum,146363,2412,35302.5
114,Sorghum,190398,1907,36305
114,Sorghum,176213,3108,54765
114,Sorghum,115914,6498,75324
114,Sorghum,197944,3348,66280.4
114,Sorghum,224106,6383,143055
114,Sorghum,184892,6972,128907
114,Sorghum,166498,5270,87749.98
141,Soya beans,741,6370,472
141,Soya beans,874,6648,581
141,Soya beans,595,4723,281
141,Soya beans,445,4067,181
141,Soya beans,364,4588,167
141,Soya beans,100,17700,177
141,Soya beans,100,16700,167
141,Soya beans,250,17320,433
141,Soya beans,3750,4635,1738
141,Soya beans,4500,19107,8598
141,Soya beans,8000,11098,8878
141,Soya beans,6000,17052,10231
141,Soya beans,8250,10668,8801
141,Soya beans,11400,19139,21819
141,Soya beans,18750,16831,31558
141,Soya beans,18200,24673,44905
141,Soya beans,26250,19003,49884
141,Soya beans,28000,28048,78535
141,Soya beans,44000,19672,86556
141,Soya beans,50000,19481,97403
141,Soya beans,37000,19698,72881
141,Soya beans,52000,17615,91596
141,Soya beans,53700,15014,80626
141,Soya beans,50000,17947,89733
141,Soya beans,41000,21366,87601
141,Soya beans,41300,17811,73560
141,Soya beans,50000,21840,109198
141,Soya beans,55623,21818,121357
141,Soya beans,60356,20499,123725
141,Soya beans,54830,20689,113440
141,Soya beans,57870,19261,111464
141,Soya beans,45100,11336,51125
141,Soya beans,52160,19341,100881
141,Soya beans,52203,21217,110758
141,Soya beans,57504,16791,96555
141,Soya beans,51258,18914,96948
141,Soya beans,53454,18158,97063
141,Soya beans,60290,19295,116329
141,Soya beans,52931,22800,120685
141,Soya beans,60650,22328,135417
141,Soya beans,64009,21996,140793
141,Soya beans,51282,16466,84441
141,Soya beans,25390,16226,41197
141,Soya beans,49572,17314,85827
141,Soya beans,41871,13549,56730
141,Soya beans,47137,14908,70273
141,Soya beans,102699,17566,180404
141,Soya beans,62000,16129,100000
141,Soya beans,60000,15000,90000
141,Soya beans,42288,13557,57328
141,Soya beans,44672,12054,53849
141,Soya beans,50408,15300,77123.82
141,Soya beans,50785,13142,66739.73
141,Soya beans,60616,11767,71327.67
141,Soya beans,44155,9459,41768.24
141,Soya beans,39935,11958,47755
141,Soya beans,23515,15513,36478
141,Soya beans,37307,18680,69688
141,Soya beans,33136,6954,23043
141,Soya beans,32874,18147,59656
141,Soya beans,34648,15702,54404
141,Soya beans,38177,13466,51408.42
1802,Sugar cane,3800,882589,335384
1802,Sugar cane,6220,973833,605724
1802,Sugar cane,10708,766122,820363
1802,Sugar cane,12185,1065760,1298628
1802,Sugar cane,13844,1101866,1525423
1802,Sugar cane,22400,848214,1900000
1802,Sugar cane,13500,1053333,1422000
1802,Sugar cane,13000,1048462,1363000
1802,Sugar cane,16000,1040625,1665000
1802,Sugar cane,19501,902518,1760000
1802,Sugar cane,16315,996016,1625000
1802,Sugar cane,19486,921174,1795000
1802,Sugar cane,21883,825298,1806000
1802,Sugar cane,21190,1092025,2314000
1802,Sugar cane,22769,1154201,2628000
1802,Sugar cane,25328,833860,2112000
1802,Sugar cane,26419,1168477,3087000
1802,Sugar cane,24677,1067796,2635000
1802,Sugar cane,24518,1042092,2555000
1802,Sugar cane,24515,1031205,2528000
1802,Sugar cane,34146,1039946,3551000
1802,Sugar cane,31547,1137034,3587000
1802,Sugar cane,33033,1040777,3438000
1802,Sugar cane,33048,1046659,3459000
1802,Sugar cane,31644,1099735,3480000
1802,Sugar cane,33000,1253030,4135000
1802,Sugar cane,31339,1065363,3338741
1802,Sugar cane,31853,1004234,3198787
1802,Sugar cane,33699,1089208,3670522
1802,Sugar cane,32379,955215,3092890
1802,Sugar cane,31506,1027237,3236412
1802,Sugar cane,14000,930067,1302094.37
1802,Sugar cane,9000,597778,538000
1802,Sugar cane,31887,1072458,3419748
1802,Sugar cane,34805,1084040,3773000
1802,Sugar cane,38207,942236,3600000
1802,Sugar cane,43000,1081628,4651000
1802,Sugar cane,50000,962200,4811000
1802,Sugar cane,43000,1083023,4657000
1802,Sugar cane,44000,960795,4227500
1802,Sugar cane,40958,1130426,4630000
1802,Sugar cane,38791,945442,3667463
1802,Sugar cane,45000,1007333,4533000
1802,Sugar cane,44000,936591,4121000
1802,Sugar cane,44788,788204,3530210
1802,Sugar cane,43480,846776,3681784
1802,Sugar cane,35580,814263,2897149
1802,Sugar cane,35320,731087,2582200
1802,Sugar cane,36174,646403,2338300
1802,Sugar cane,40663,662027,2692000
1802,Sugar cane,42828,714019,3058000
1802,Sugar cane,53486,734595,3929056
1802,Sugar cane,46605,849694,3960000
1802,Sugar cane,43121,894228,3856000
1802,Sugar cane,43094,776906,3348000
1802,Sugar cane,43500,800690,3483000
1802,Sugar cane,41000,756341,3101000
1802,Sugar cane,45000,796221,3582994
1802,Sugar cane,46000,774348,3562000
1802,Sugar cane,47000,753994,3543771
1802,Sugar cane,47000,734043,3450000
1802,Sugar cane,43022,802583,3452873
1445,Sunflower seed,1849,7144,1321
1445,Sunflower seed,1955,5657,1106
1445,Sunflower seed,3674,5740,2109
1445,Sunflower seed,3711,5133,1905
1445,Sunflower seed,4140,5094,2109
1445,Sunflower seed,4884,5528,2700
1445,Sunflower seed,4900,6531,3200
1445,Sunflower seed,4900,6122,3000
1445,Sunflower seed,4900,4082,2000
1445,Sunflower seed,4900,6939,3400
1445,Sunflower seed,4900,5510,2700
1445,Sunflower seed,4900,7755,3800
1445,Sunflower seed,4900,5102,2500
1445,Sunflower seed,6500,7692,5000
1445,Sunflower seed,14750,8000,11800
1445,Sunflower seed,25000,10080,25200
1445,Sunflower seed,25000,8920,22300
1445,Sunflower seed,25000,11100,27750
1445,Sunflower seed,20000,5400,10800
1445,Sunflower seed,20000,5399,10798
1445,Sunflower seed,20000,6338,12676
1445,Sunflower seed,22000,4068,8950
1445,Sunflower seed,10000,3900,3900
1445,Sunflower seed,36000,2521,9075
1445,Sunflower seed,35719,5069,18106
1445,Sunflower seed,38400,4781,18360
1445,Sunflower seed,60000,4336,26016
1445,Sunflower seed,85000,7613,64713
1445,Sunflower seed,105000,5791,60807
1445,Sunflower seed,121120,5283,63990
1445,Sunflower seed,130000,5254,68300
1445,Sunflower seed,100000,3062,30620
1445,Sunflower seed,117800,4127,48620
1445,Sunflower seed,109517,3632,39775
1445,Sunflower seed,62120,2804,17421
1445,Sunflower seed,57787,4877,28180
1445,Sunflower seed,50132,3763,18863
1445,Sunflower seed,32845,4332,14227
1445,Sunflower seed,22130,5562,12308
1445,Sunflower seed,17473,5279,9224
1445,Sunflower seed,43830,6934,30393
1445,Sunflower seed,24118,1920,4631
1445,Sunflower seed,21355,7925,16923
1445,Sunflower seed,37800,5354,20239
1445,Sunflower seed,18129,4092,7419
1445,Sunflower seed,46725,3583,16742
1445,Sunflower seed,75245,4143,31174
1445,Sunflower seed,58000,3966,23000
1445,Sunflower seed,40000,3750,15000
1445,Sunflower seed,28945,4089,11836
1445,Sunflower seed,26164,3148,8237
1445,Sunflower seed,19628,3744,7348.61
1445,Sunflower seed,18216,3869,7047.19
1445,Sunflower seed,15399,4415,6798.64
1445,Sunflower seed,16635,3846,6397.99
1445,Sunflower seed,8428,3867,3259
1445,Sunflower seed,8269,6315,5222
1445,Sunflower seed,10528,5611,5907
1445,Sunflower seed,19420,4124,8009.44
1445,Sunflower seed,23826,6090,14510
1445,Sunflower seed,17964,5268,9463
1445,Sunflower seed,10356,4810,4981.36
1530,Sweet potatoes,166,47892,795
1530,Sweet potatoes,117,47436,555
1530,Sweet potatoes,89,47753,425
1530,Sweet potatoes,49,31020,152
1530,Sweet potatoes,45,27778,125
1530,Sweet potatoes,80,62500,500
1530,Sweet potatoes,130,61538,800
1530,Sweet potatoes,200,50000,1000
1530,Sweet potatoes,300,36667,1100
1530,Sweet potatoes,400,30000,1200
1530,Sweet potatoes,500,26000,1300
1530,Sweet potatoes,600,23333,1400
1530,Sweet potatoes,700,21429,1500
1530,Sweet potatoes,700,21429,1500
1530,Sweet potatoes,767,22295,1710
1530,Sweet potatoes,611,21244,1298
1530,Sweet potatoes,386,17176,663
1530,Sweet potatoes,381,24357,928
1530,Sweet potatoes,400,22500,900
1530,Sweet potatoes,400,22500,900
1530,Sweet potatoes,426,19131,815
1530,Sweet potatoes,261,18238,476
1530,Sweet potatoes,400,20000,800
1530,Sweet potatoes,400,22500,900
1530,Sweet potatoes,450,22222,1000
1530,Sweet potatoes,500,22000,1100
1530,Sweet potatoes,530,22642,1200
1530,Sweet potatoes,550,23636,1300
1530,Sweet potatoes,600,22500,1350
1530,Sweet potatoes,650,21538,1400
1530,Sweet potatoes,700,21429,1500
1530,Sweet potatoes,600,20000,1200
1530,Sweet potatoes,700,21429,1500
1530,Sweet potatoes,748,21381,1600
1530,Sweet potatoes,654,21414,1400
1530,Sweet potatoes,698,21490,1500
1530,Sweet potatoes,1374,21567,2963.81
1530,Sweet potatoes,700,20000,1400
1530,Sweet potatoes,2202,21858,4812.87
1530,Sweet potatoes,2788,22095,6159.17
1530,Sweet potatoes,3416,22335,7628.76
1530,Sweet potatoes,4085,22561,9216.33
1530,Sweet potatoes,4717,23123,10907.97
1530,Sweet potatoes,5832,23433,13666.31
1530,Sweet potatoes,6586,23787,15666.46
1530,Sweet potatoes,7309,24139,17642.16
1530,Sweet potatoes,7998,24496,19593.04
1530,Sweet potatoes,8649,24855,21495.7
1530,Sweet potatoes,9235,25213,23284.79
1530,Sweet potatoes,9753,25571,24938.5
1530,Sweet potatoes,10203,25926,26451.8
1530,Sweet potatoes,11439,27759,31754
1530,Sweet potatoes,10661,26518,28270.42
1530,Sweet potatoes,10386,26796,27831.77
1530,Sweet potatoes,10008,26669,26690
1530,Sweet potatoes,9927,27225,27025.97
1530,Sweet potatoes,11990,28857,34600.69
1530,Sweet potatoes,14127,30585,43207.01
1530,Sweet potatoes,15910,32592,51852.4
1530,Sweet potatoes,17474,34484,60257.54
1530,Sweet potatoes,18333,38370,70344
1530,Sweet potatoes,20091,31255,62792.59
1620,Tea leaves,1222,9002,1100
1620,Tea leaves,1344,9673,1300
1620,Tea leaves,1829,6687,1223
1620,Tea leaves,2153,6465,1392
1620,Tea leaves,2590,6208,1608
1620,Tea leaves,2000,11340,2268
1620,Tea leaves,2500,11584,2896
1620,Tea leaves,2300,13078,3008
1620,Tea leaves,3000,12100,3630
1620,Tea leaves,3000,13150,3945
1620,Tea leaves,3200,13341,4269
1620,Tea leaves,3500,14863,5202
1620,Tea leaves,3500,13043,4565
1620,Tea leaves,3800,15508,5893
1620,Tea leaves,3800,18116,6884
1620,Tea leaves,4000,14958,5983
1620,Tea leaves,4100,15051,6171
1620,Tea leaves,4200,20548,8630
1620,Tea leaves,4000,24478,9791
1620,Tea leaves,4000,24153,9661
1620,Tea leaves,4100,24185,9916
1620,Tea leaves,4300,24656,10602
1620,Tea leaves,4300,24537,10551
1620,Tea leaves,4300,27458,11807
1620,Tea leaves,4472,31496,14085
1620,Tea leaves,5100,30743,15679
1620,Tea leaves,4574,32792,14999
1620,Tea leaves,4691,35412,16612
1620,Tea leaves,4758,37722,17948
1620,Tea leaves,4960,34274,17000
1620,Tea leaves,5046,124851,63000
1620,Tea leaves,4426,90375,40000
1620,Tea leaves,4700,129787,61000
1620,Tea leaves,4726,122717,58000
1620,Tea leaves,5236,124133,65000
1620,Tea leaves,5820,125432,73000
1620,Tea leaves,5844,126635,74000
1620,Tea leaves,5400,140741,76000
1620,Tea leaves,6263,129337,81000
1620,Tea leaves,7374,130186,96000
1620,Tea leaves,7404,131011,97000
1620,Tea leaves,7434,131818,98000
1620,Tea leaves,7390,132612,98000
1620,Tea leaves,7272,133394,97000
1620,Tea leaves,7000,138571,97000
1620,Tea leaves,5034,137057,69000
1620,Tea leaves,4583,137478,63000
1620,Tea leaves,4424,137895,61000
1620,Tea leaves,4410,138309,61000
1620,Tea leaves,4397,138720,61000
1620,Tea leaves,4456,139130,62000
1620,Tea leaves,4587,139539,64000
1620,Tea leaves,4216,139949,59000
1620,Tea leaves,4200,140476,59000
1620,Tea leaves,4318,141282,61000
1620,Tea leaves,4651,141906,66000
1620,Tea leaves,4713,142174,67000
1620,Tea leaves,4744,143334,68000
1620,Tea leaves,4572,144351,66000
1620,Tea leaves,5562,143829,80000
1620,Tea leaves,5129,144292,74000
1620,Tea leaves,4352,144770,63000
1234,Tomatoes,900,72222,6500
1234,Tomatoes,950,71579,6800
1234,Tomatoes,950,73684,7000
1234,Tomatoes,1000,70000,7000
1234,Tomatoes,1000,75000,7500
1234,Tomatoes,1100,72727,8000
1234,Tomatoes,1100,72727,8000
1234,Tomatoes,1100,72727,8000
1234,Tomatoes,1150,72174,8300
1234,Tomatoes,1150,72174,8300
1234,Tomatoes,1200,71667,8600
1234,Tomatoes,1200,71667,8600
1234,Tomatoes,1250,71200,8900
1234,Tomatoes,1250,71200,8900
1234,Tomatoes,1300,70769,9200
1234,Tomatoes,1300,70769,9200
1234,Tomatoes,1300,70769,9200
1234,Tomatoes,1350,70370,9500
1234,Tomatoes,1350,70370,9500
1234,Tomatoes,1400,70000,9800
1234,Tomatoes,1400,70000,9800
1234,Tomatoes,1500,66667,10000
1234,Tomatoes,1500,66667,10000
1234,Tomatoes,1500,66667,10000
1234,Tomatoes,1500,66667,10000
1234,Tomatoes,1600,68750,11000
1234,Tomatoes,1700,70588,12000
1234,Tomatoes,1800,72222,13000
1234,Tomatoes,1900,73684,14000
1234,Tomatoes,2000,72500,14500
1234,Tomatoes,2100,71429,15000
1234,Tomatoes,1500,60000,9000
1234,Tomatoes,1700,70588,12000
1234,Tomatoes,1800,72222,13000
1234,Tomatoes,1727,69487,12000
1234,Tomatoes,1925,67520,13000
1234,Tomatoes,1803,66546,12000
1234,Tomatoes,1800,61111,11000
1234,Tomatoes,1819,65960,12000
1234,Tomatoes,1665,66062,11000
1234,Tomatoes,1810,66299,12000
1234,Tomatoes,2028,66535,13490.19
1234,Tomatoes,2200,63636,14000
1234,Tomatoes,2244,66711,14973.2
1234,Tomatoes,2350,63830,15000
1234,Tomatoes,2537,67976,17245.56
1234,Tomatoes,2715,68982,18728.27
1234,Tomatoes,2866,69953,20047.13
1234,Tomatoes,3100,72455,22461
1234,Tomatoes,3200,78125,25000
1234,Tomatoes,3146,71524,22500
1234,Tomatoes,3300,71212,23500
1234,Tomatoes,3300,71212,23500
1234,Tomatoes,3370,72023,24271.13
1234,Tomatoes,3508,72189,25322.84
1234,Tomatoes,3498,72381,25318.39
1234,Tomatoes,3481,72613,25278.36
1234,Tomatoes,3503,72349,25342.52
1234,Tomatoes,3643,72275,26328.05
1234,Tomatoes,3634,72288,26269.29
1234,Tomatoes,3670,72372,26562.41
1234,Tomatoes,3649,72312,26386.59
1970,Unmanufactured tobacco,84319,11847,99890
1970,Unmanufactured tobacco,82900,11815,97944
1970,Unmanufactured tobacco,89216,9250,82523
1970,Unmanufactured tobacco,105000,14099,148038
1970,Unmanufactured tobacco,87447,13029,113936
1970,Unmanufactured tobacco,46538,24254,112871
1970,Unmanufactured tobacco,42491,19842,84312
1970,Unmanufactured tobacco,46538,11620,54077
1970,Unmanufactured tobacco,46538,24089,112107
1970,Unmanufactured tobacco,43688,12479,54518
1970,Unmanufactured tobacco,45266,14400,65181
1970,Unmanufactured tobacco,50286,13169,66224
1970,Unmanufactured tobacco,49687,14857,73818
1970,Unmanufactured tobacco,59802,12611,75418
1970,Unmanufactured tobacco,66631,13011,86695
1970,Unmanufactured tobacco,66749,16886,112715
1970,Unmanufactured tobacco,57716,14740,85072
1970,Unmanufactured tobacco,55921,15221,85117
1970,Unmanufactured tobacco,60413,18947,114464
1970,Unmanufactured tobacco,64068,19516,125038
1970,Unmanufactured tobacco,39760,18061,71812
1970,Unmanufactured tobacco,46632,19429,90602
1970,Unmanufactured tobacco,47727,20734,98956
1970,Unmanufactured tobacco,51172,24402,124872
1970,Unmanufactured tobacco,53868,20041,107957
1970,Unmanufactured tobacco,62380,18669,116456
1970,Unmanufactured tobacco,58242,20830,121320
1970,Unmanufactured tobacco,56328,20369,114736
1970,Unmanufactured tobacco,57161,22806,130361
1970,Unmanufactured tobacco,60103,21695,130394
1970,Unmanufactured tobacco,71647,24927,178595
1970,Unmanufactured tobacco,86875,24333,211394
1970,Unmanufactured tobacco,93340,21940,204790
1970,Unmanufactured tobacco,69389,25514,177039
1970,Unmanufactured tobacco,72460,24655,178652
1970,Unmanufactured tobacco,74834,23770,177884
1970,Unmanufactured tobacco,80607,21238,171191
1970,Unmanufactured tobacco,83225,23697,197222
1970,Unmanufactured tobacco,79108,22157,175282
1970,Unmanufactured tobacco,76486,24873,190242
1970,Unmanufactured tobacco,67108,23820,159853
1970,Unmanufactured tobacco,55588,20442,113635
1970,Unmanufactured tobacco,47293,19773,93514
1970,Unmanufactured tobacco,55584,14089,78312
1970,Unmanufactured tobacco,51167,16266,83230
1970,Unmanufactured tobacco,38865,11437,44451
1970,Unmanufactured tobacco,75202,13870,104303
1970,Unmanufactured tobacco,77483,14116,109376.03
1970,Unmanufactured tobacco,93000,13560,126106.64
1970,Unmanufactured tobacco,94175,11652,109737
1970,Unmanufactured tobacco,117287,10662,125056
1970,Unmanufactured tobacco,92705,15013,139179.15
1970,Unmanufactured tobacco,125717,11698,147068.07
1970,Unmanufactured tobacco,128668,14301,184003.36
1970,Unmanufactured tobacco,132126,12948,171083.17
1970,Unmanufactured tobacco,102537,16479,168974
1970,Unmanufactured tobacco,118967,9315,110816
1970,Unmanufactured tobacco,136412,17587,239906
1970,Unmanufactured tobacco,97138,19002,184584
1970,Unmanufactured tobacco,104759,19424,203488
1970,Unmanufactured tobacco,99029,16396,162370
1970,Unmanufactured tobacco,105227,15863,166918.74
111,Wheat,550,14673,807
111,Wheat,765,15895,1216
111,Wheat,957,19530,1869
111,Wheat,1437,26896,3865
111,Wheat,1619,23533,3810
111,Wheat,4419,20091,8878
111,Wheat,5222,26907,14051
111,Wheat,7325,35798,26222
111,Wheat,12039,32343,38938
111,Wheat,15322,35326,54127
111,Wheat,22005,39620,87184
111,Wheat,22303,36783,82037
111,Wheat,21588,38874,83921
111,Wheat,26819,36311,97383
111,Wheat,31417,38541,121083
111,Wheat,33325,42441,141433
111,Wheat,42217,38975,164540
111,Wheat,45135,44988,203052
111,Wheat,36868,43931,161963
111,Wheat,38461,49722,191234
111,Wheat,36845,49808,183516
111,Wheat,37378,51335,191880
111,Wheat,21547,57665,124250
111,Wheat,16891,58611,99000
111,Wheat,37988,54544,207200
111,Wheat,42000,59130,248346
111,Wheat,37000,57986,214548
111,Wheat,45000,57091,256910
111,Wheat,50000,56767,283835
111,Wheat,56000,58211,325983
111,Wheat,44000,58912,259213
111,Wheat,11200,50893,57000
111,Wheat,48000,57708,277000
111,Wheat,52700,54649,288000
111,Wheat,13900,50360,70000
111,Wheat,47843,54999,263134
111,Wheat,45495,56000,254772
111,Wheat,44022,55000,242121
111,Wheat,47438,55000,260909
111,Wheat,42551,54000,229775
111,Wheat,37269,53000,197526
111,Wheat,39000,50000,195000
111,Wheat,40809,30000,122427
111,Wheat,70585,35000,247048
111,Wheat,65454,35000,229089
111,Wheat,67201,36000,241924
111,Wheat,49707,29998,149110
111,Wheat,10300,30097,31000
111,Wheat,4000,30000,12000
111,Wheat,6478,27788,18000
111,Wheat,8645,26604,23000
111,Wheat,21377,24902,53231.78
111,Wheat,21753,23430,50966.05
111,Wheat,18059,22150,40000
111,Wheat,22114,20486,45302
111,Wheat,22094,19013,42008
111,Wheat,22070,17542,38715
111,Wheat,16558,27178,45000
111,Wheat,24186,39149,94685
111,Wheat,44466,47796,212530
111,Wheat,66434,50759,337212
111,Wheat,38700,51680,200000
